patient_id,age,cholesterol_ldl,systolic_bp,smoker,family_history_cvd,target_event_in_24h
PT_0000,59,105.02617747632905,118.68527404328333,0,0,0
PT_0001,51,174.16712894598706,152.0153975764815,1,0,1
PT_0002,40,119.81949903276502,115.63235762761782,0,0,0
PT_0003,28,124.69755572099635,103.93422899261321,0,0,0
PT_0004,28,123.25762537334825,137.4958390420542,0,0,0
PT_0005,29,133.4694771497065,133.81454078690487,0,0,0
PT_0006,45,113.62043117407414,107.07737304894381,0,0,0
PT_0007,50,158.01648272441236,139.85211586753886,1,0,1
PT_0008,44,117.99375903505283,114.97025229448657,1,0,0
PT_0009,45,96.97286212416341,122.6348721533106,1,0,0
PT_0010,30,99.42766636500487,122.94224129013493,0,0,0
PT_0011,40,146.1618386023751,144.56105779472531,1,0,1
PT_0012,52,159.08827967289005,161.89075376158252,0,1,1
PT_0013,26,110.42543153472123,113.0945894768374,0,1,0
PT_0014,37,116.17666025197927,110.83808084518758,0,0,0
PT_0015,46,144.04429889270477,111.68177791769556,0,0,0
PT_0016,53,114.81506358977137,119.32821709950645,0,0,0
PT_0017,46,162.0336622836079,112.84240010889248,0,0,0
PT_0018,36,121.31019291263088,126.8205206571262,0,0,0
PT_0019,43,74.78474481688365,134.87246155335927,1,0,0
PT_0020,44,125.06683242209066,114.19946758629958,0,0,0
PT_0021,26,117.62316769765556,122.39404500535377,0,0,0
PT_0022,25,135.7950550816549,124.99685110302934,0,0,0
PT_0023,43,123.46362702539916,124.72002270919275,0,0,0
PT_0024,52,107.23088032032453,120.75955267916088,0,0,0
PT_0025,48,85.51403527421269,127.42682418359722,0,0,0
PT_0026,41,105.8195348542795,124.82248952680658,0,1,0
PT_0027,45,92.989590915814,107.62337577672702,0,0,0
PT_0028,47,98.38953100390555,128.69156064389273,0,0,0
PT_0029,40,121.7715680884122,128.8729083726674,0,1,0
PT_0030,26,143.39809008702812,112.36713895821418,0,0,0
PT_0031,36,117.89343059645962,120.37937835447602,1,0,0
PT_0032,39,86.0823387592963,126.83328992811069,0,0,0
PT_0033,59,131.38449795763904,162.00655145300595,1,0,1
PT_0034,56,162.5620882982158,153.90335083421292,1,0,1
PT_0035,51,146.3789668505024,100.8941704800358,1,1,1
PT_0036,59,107.31965666654165,112.14013967365018,0,0,0
PT_0037,26,110.29376389458395,106.18955396846225,0,1,0
PT_0038,20,94.30203373835519,123.03818595604876,0,0,0
PT_0039,51,122.96560867687718,127.21562505126144,0,0,0
PT_0040,32,107.58103702784437,117.69133626155231,0,1,0
PT_0041,49,118.39064887814055,134.53260663321035,0,0,0
PT_0042,42,92.25015644395799,106.61394200276752,1,0,0
PT_0043,50,175.20829312288595,151.10578430686803,1,1,1
PT_0044,51,124.44762715655543,113.94139179241107,0,0,0
PT_0045,49,102.54333695816466,137.19377906207296,0,1,0
PT_0046,48,144.5392770246681,139.9251535316812,0,0,0
PT_0047,48,102.00727628770795,112.33343412216652,1,1,0
PT_0048,49,114.49369451503772,114.5044286409142,0,0,0
PT_0049,35,128.6518166374618,128.595878869798,0,0,0
PT_0050,37,190.067966035343,155.87643680271995,1,1,1
PT_0051,38,74.78382376038448,119.54588782067762,0,0,0
PT_0052,57,155.58071652340672,135.37777607165572,1,1,1
PT_0053,39,160.53771677989062,151.4788381701091,1,0,1
PT_0054,33,98.96283708215107,119.86162253905762,1,1,0
PT_0055,39,119.16530263151418,156.3143699472036,0,0,1
PT_0056,47,98.71504802685223,115.06877177600228,0,0,0
PT_0057,49,113.69102606394074,134.43632003468815,1,0,0
PT_0058,57,140.8421990513575,107.43493105720744,0,0,0
PT_0059,23,150.12185776318245,128.13205186747976,0,0,0
PT_0060,20,151.23007153272795,117.21037069668192,0,0,0
PT_0061,27,134.16732461186285,117.20239831504166,0,0,0
PT_0062,43,148.57642020434406,142.55399554084354,1,0,1
PT_0063,58,121.85053898402366,123.4005129456889,0,0,0
PT_0064,22,125.56722152333276,125.70612997219531,0,1,0
PT_0065,51,98.97628567342933,129.68184660532862,0,0,0
PT_0066,29,93.63602233155386,116.68691616816677,0,1,0
PT_0067,47,147.06126444588853,140.3805770554144,1,0,1
PT_0068,38,106.59630754950143,109.14849473442202,0,0,0
PT_0069,35,167.869707708435,148.19940561059408,1,0,1
PT_0070,52,123.92774894913431,149.49094425308726,0,0,0
PT_0071,42,129.1061041714102,132.44679580736786,0,0,0
PT_0072,47,111.76813772583695,106.48925633791978,1,1,0
PT_0073,42,149.29529576878863,159.06355206439838,1,1,1
PT_0074,26,87.1662177173299,124.81866061718492,0,0,0
PT_0075,48,106.12681081440564,125.47264797377967,1,0,0
PT_0076,27,95.66355358794391,125.48883835317365,0,0,0
PT_0077,20,72.6692676585388,117.45044206446302,0,0,0
PT_0078,22,108.34638628314602,118.745457399971,0,0,0
PT_0079,43,107.56504983233432,123.27879524159357,1,0,0
PT_0080,46,146.97163992771104,141.03227738034084,0,0,1
PT_0081,27,122.61623369109554,97.80699627252466,0,0,0
PT_0082,56,89.51626351341591,117.70200369424806,0,0,0
PT_0083,22,147.08185132668376,111.48593565739687,0,0,0
PT_0084,52,134.42067391050705,121.75211418908512,0,0,0
PT_0085,47,121.64195406937232,149.8525900260341,0,0,0
PT_0086,27,105.47031802300336,123.67481665474304,0,0,0
PT_0087,53,90.81121526553041,116.86470313827603,1,0,0
PT_0088,49,194.55086340201422,99.70731766268761,1,1,1
PT_0089,51,131.7749723940837,124.82687887209212,0,1,0
PT_0090,43,147.69172611869217,124.20094490451841,1,0,0
PT_0091,33,140.86487056544377,126.06850593215671,0,0,0
PT_0092,51,100.22301156427451,140.56543564829542,0,0,0
PT_0093,35,87.60765133421978,108.69111564674084,0,0,0
PT_0094,23,112.81772493822407,124.73632076811454,1,1,0
PT_0095,56,74.63121268874298,110.73618870018461,0,1,0
PT_0096,40,116.46335428369562,125.55512646342248,0,0,0
PT_0097,33,107.04794827402662,110.81313488513905,1,0,0
PT_0098,50,100.67926996263516,115.82633186394915,0,1,0
PT_0099,37,78.10593865466409,117.04910085762094,1,1,0
PT_0100,26,120.27200213139433,129.7581671934471,1,0,0
PT_0101,29,99.34598320676177,129.18454443942414,0,0,0
PT_0102,26,86.60166328579425,107.54282623553615,0,0,0
PT_0103,52,52.55475573436701,120.5493411099985,0,1,0
PT_0104,49,193.67855382915738,134.57930303366413,1,1,1
PT_0105,40,145.4450319333949,107.41495089324665,0,0,0
PT_0106,38,143.2251842909574,117.8298294957563,0,0,0
PT_0107,38,100.85807486827457,116.9151721154418,1,0,0
PT_0108,55,97.95575879276439,144.26716486345524,0,0,0
PT_0109,48,119.37548512150047,124.32959825360696,0,1,0
PT_0110,37,90.03229121623417,106.22382499245762,1,0,0
PT_0111,21,116.03583799638932,114.35225995829057,1,0,0
PT_0112,49,189.53080699451792,140.08157925230623,1,1,1
PT_0113,57,187.60182708294903,147.32786025788468,1,0,1
PT_0114,39,107.99691847040094,104.14016687762042,0,0,0
PT_0115,53,167.91607066874818,131.9930467643365,0,1,1
PT_0116,51,169.88060372565477,135.12825266387114,1,1,1
PT_0117,22,93.4623929192028,123.89614177370903,0,0,0
PT_0118,38,148.9938969230916,124.81193614790178,1,1,1
PT_0119,31,117.34731013632356,125.34629086122435,0,0,0
PT_0120,58,159.4889185801711,137.85668689683013,1,1,1
PT_0121,51,183.45458038518728,158.11583771069093,1,0,1
PT_0122,56,139.85377137919045,123.27821172843085,0,0,0
PT_0123,57,104.57752797914863,129.2427013953783,1,0,0
PT_0124,49,109.57265411303128,109.86104047707462,0,1,0
PT_0125,28,95.05576641704353,120.8568716140336,0,0,0
PT_0126,39,182.97531400744208,150.85697274893334,1,1,1
PT_0127,36,125.20572442443802,143.45167370601257,0,1,1
PT_0128,41,124.73687794184866,111.04653677636976,1,0,0
PT_0129,43,104.37344885763574,115.91899160839779,1,0,0
PT_0130,36,111.33981434449744,110.04184605209771,0,1,0
PT_0131,29,120.31878435408198,126.51136241823657,0,0,0
PT_0132,49,78.74908286226915,128.58451116656664,0,0,0
PT_0133,42,99.4189464530741,117.65379430042586,0,0,0
PT_0134,50,159.06158842241632,159.48096226886756,1,1,1
PT_0135,36,84.91421153661501,105.51408585366455,0,0,0
PT_0136,36,115.87115864333259,117.00323351993212,0,0,0
PT_0137,33,82.8683639075319,119.49795382958256,0,1,0
PT_0138,28,119.32859964867053,146.20793091029975,0,0,0
PT_0139,57,150.12486833677374,140.25890715959426,1,0,1
PT_0140,57,128.868362026805,154.23656724656712,1,1,1
PT_0141,44,133.29478708914343,129.9685877346581,0,0,0
PT_0142,58,95.30816846403901,122.80636404490136,0,0,0
PT_0143,28,93.79495125971238,137.58620484195134,0,1,0
PT_0144,41,114.01138394461886,123.72105472606863,0,1,0
PT_0145,23,132.9727469885743,123.89159195667929,0,0,0
PT_0146,45,89.68356362043207,119.46879346982455,0,0,0
PT_0147,48,111.23359699695943,132.23568882418627,0,0,0
PT_0148,53,118.57633000661146,130.96469233810885,0,0,0
PT_0149,42,123.86211214526288,113.74322712503788,0,0,0
PT_0150,59,180.60566908063686,137.37789703529035,0,0,1
PT_0151,30,102.65944321833355,117.97019362604343,0,1,0
PT_0152,25,93.44819558702561,111.99961435602353,0,0,0
PT_0153,37,111.7228776609275,119.36475425384644,0,0,0
PT_0154,53,158.56797481171873,149.9011714690348,1,1,1
PT_0155,55,51.57299033010786,115.4269834491321,0,0,0
PT_0156,57,118.73119608315335,119.57176618688425,0,0,0
PT_0157,53,128.0786968217239,120.58022734808395,0,0,0
PT_0158,36,62.741351289163234,128.48430882205284,0,0,0
PT_0159,56,89.80538590580124,97.53110666015395,0,0,0
PT_0160,44,122.38308522010395,113.93299705234703,0,0,0
PT_0161,57,151.149909394234,122.11283692279473,0,0,0
PT_0162,31,110.41587415350816,132.00078956426862,0,0,0
PT_0163,42,95.43994117541732,115.08097552493795,1,0,0
PT_0164,41,106.3420711779032,101.23447293958125,0,1,0
PT_0165,43,102.07489243612622,131.46922668463733,0,1,1
PT_0166,46,97.0807164175093,113.6463761117437,0,0,0
PT_0167,50,94.01615986699493,108.1033334090964,0,0,0
PT_0168,25,100.34512955635935,113.75654610286776,0,0,0
PT_0169,46,90.93342783482575,118.15474642344151,0,0,0
PT_0170,59,112.4534063198959,113.95255335461788,1,0,0
PT_0171,53,142.4935691693912,97.9443394290093,0,0,0
PT_0172,31,116.46158546232058,128.97066196887133,1,0,0
PT_0173,26,104.95292995747425,132.74875041278722,0,1,0
PT_0174,29,104.16377462168911,126.51521991339506,0,0,0
PT_0175,36,78.73618382606686,108.62314329575183,0,1,0
PT_0176,45,127.66219554294318,117.98508466052482,0,0,0
PT_0177,40,108.44325605974396,119.93478684770542,0,0,0
PT_0178,58,163.00837810287152,156.1123651813019,1,1,1
PT_0179,21,173.86215135689721,126.68340488718081,0,0,0
PT_0180,20,115.97505816731372,112.65826201221505,1,0,0
PT_0181,55,94.96417899809632,120.8199555641356,1,0,0
PT_0182,38,164.02198093429934,106.56499511807034,0,0,1
PT_0183,35,181.01308792015223,142.13458356099747,1,0,1
PT_0184,40,112.26540821075528,127.04506539824723,0,0,0
PT_0185,30,81.23444043365267,127.89056687375519,0,1,0
PT_0186,37,172.7746044405837,144.71109430398408,1,0,1
PT_0187,30,96.63711828922013,134.10459145203504,0,1,0
PT_0188,55,147.4659555243509,124.09762795959497,0,1,0
PT_0189,58,131.60096131429296,111.3891208982643,0,0,0
PT_0190,59,101.05356208682498,134.03369970125192,1,0,0
PT_0191,56,144.91448299961283,161.7148254200331,1,0,1
PT_0192,48,158.71723306814016,155.73071973161865,1,1,1
PT_0193,43,127.05547350244439,115.20507032600757,0,0,0
PT_0194,41,119.6946563458895,122.96575545140762,0,0,0
PT_0195,24,93.07286690018253,124.63184795267584,0,0,0
PT_0196,52,97.12900335365076,121.97292265631206,0,0,0
PT_0197,47,169.0706860302796,153.87721200612066,0,1,1
PT_0198,48,155.11686729418702,139.68938933588464,0,1,1
PT_0199,38,101.92703073516006,130.71543152234887,0,0,0
PT_0200,54,90.89754841301294,121.90635591265024,0,0,0
PT_0201,36,118.47198131186923,129.41310580767484,0,0,0
PT_0202,53,151.2504983848629,109.67476096472461,0,0,0
PT_0203,49,174.02345484621796,122.98712101371339,1,0,1
PT_0204,45,110.48438913345517,138.09306349733112,0,0,0
PT_0205,21,138.24441110830858,117.81954104607627,0,0,0
PT_0206,28,108.40717217508569,111.52366071380915,0,0,0
PT_0207,28,119.04743592499467,113.4791111140694,1,0,0
PT_0208,59,88.75212943706241,109.10366962657612,0,1,0
PT_0209,36,118.56614194415297,112.15238091872297,0,0,0
PT_0210,20,106.25711469990902,116.2949190140997,0,0,0
PT_0211,44,129.71459991359725,105.94432980821358,0,0,0
PT_0212,59,133.74772103129501,120.15618333949602,0,1,0
PT_0213,44,161.79127284037227,129.02277173786646,0,0,0
PT_0214,58,121.59266346427151,110.9224381985308,0,0,0
PT_0215,54,116.51592633164333,135.19283923641768,0,0,0
PT_0216,22,113.88768603154672,125.10792088527595,0,0,0
PT_0217,56,102.93667414378623,130.30580585624057,0,0,0
PT_0218,49,116.76967686923382,113.42165446147862,0,0,0
PT_0219,59,180.19634178685268,135.75457887940783,0,1,1
PT_0220,53,113.36921952539228,109.08066099604687,0,0,0
PT_0221,31,136.35195071215918,128.9024750083651,0,0,0
PT_0222,38,89.86914869440717,121.71839339793532,0,0,0
PT_0223,56,132.7975712225809,125.53251219984784,0,1,0
PT_0224,36,136.3423013467973,108.24405394375148,1,0,0
PT_0225,29,107.63862946017842,111.04930157723395,0,1,0
PT_0226,47,132.20855066472808,152.47332622745176,1,0,1
PT_0227,35,97.84356025811135,110.51651995775799,1,0,0
PT_0228,59,180.4514086401928,168.7081102985256,0,1,1
PT_0229,38,109.54263875402236,106.32862193539754,0,1,0
PT_0230,27,90.01395535410178,128.4817421266667,0,0,0
PT_0231,50,99.90450157543565,107.67476685231492,1,0,0
PT_0232,40,126.81240053009105,125.52299937679523,0,0,0
PT_0233,36,120.9346713640276,126.25630933646,0,0,0
PT_0234,42,105.22135801660612,113.03228181570425,0,0,0
PT_0235,56,102.66351176370625,125.82026567084726,0,0,0
PT_0236,35,102.16483701912357,122.60442263333556,0,0,0
PT_0237,25,91.55179631002994,114.61158143807262,0,0,0
PT_0238,27,142.30751378938885,109.91445315923792,1,0,0
PT_0239,44,103.5535906157732,100.3737430832742,1,0,0
PT_0240,49,126.1408637160923,120.88508459322912,0,1,1
PT_0241,42,158.033207464105,147.77110868343587,1,1,1
PT_0242,42,140.22817785698166,175.3540932884446,1,0,1
PT_0243,34,101.36759374563903,117.36551783917751,0,0,0
PT_0244,45,118.07460180673219,126.79142775438196,0,1,0
PT_0245,53,187.840045726892,139.6383186578436,0,1,1
PT_0246,51,91.92596278539745,116.70552213652908,0,1,0
PT_0247,43,128.58998792753647,165.59272712014794,1,0,1
PT_0248,39,140.20743726859325,111.8220713300574,0,0,1
PT_0249,40,178.81542375976431,168.0015055194449,1,1,1
PT_0250,36,100.70765405403213,124.69267589808527,0,0,0
PT_0251,42,114.02319311745678,104.64427876792894,0,0,0
PT_0252,58,171.00104198049104,138.56133369552006,1,1,1
PT_0253,40,104.82190052591845,126.12468794013603,0,1,0
PT_0254,41,121.7338760295055,109.83316871423503,1,1,0
PT_0255,26,100.50192686754951,117.55919526325799,1,0,0
PT_0256,59,147.97264712097572,175.36464434930278,1,1,1
PT_0257,34,83.08040639506503,118.65503215598267,1,0,0
PT_0258,26,112.52759159092824,123.33859966568535,0,0,0
PT_0259,28,148.7785799811657,134.31366781831184,0,0,0
PT_0260,27,89.9933735078885,130.8176672767283,0,0,0
PT_0261,40,171.04979908834295,145.28721666123627,1,1,1
PT_0262,48,120.2781569931783,126.22069990306049,0,0,0
PT_0263,37,113.59163563879196,133.2893331953541,0,0,0
PT_0264,50,162.50449005295815,172.06522164680115,0,0,1
PT_0265,49,119.78374260295327,130.90980425185967,0,0,0
PT_0266,58,122.6944293712354,140.12270445700764,0,1,0
PT_0267,54,132.19399683912445,130.23709546106983,0,0,0
PT_0268,37,118.19637313857025,122.49308595641729,0,0,0
PT_0269,58,105.17484690762915,130.45088474084753,0,0,0
PT_0270,57,145.9601662438649,167.26174042803947,1,1,1
PT_0271,37,146.74198164898104,150.3342002317849,1,0,1
PT_0272,53,131.94789456400613,140.30412954215268,0,1,1
PT_0273,42,194.9915348637388,144.9893710813503,1,1,1
PT_0274,54,132.14161338573945,111.81571334057999,0,0,0
PT_0275,53,107.59237672092803,135.32367724678116,0,1,0
PT_0276,22,66.54660907971927,124.99864123740372,0,0,0
PT_0277,56,126.94843354300843,106.00693825198059,0,0,0
PT_0278,59,99.29343628092154,123.67649292991422,0,0,0
PT_0279,45,108.18933435391679,98.99973492348376,0,0,0
PT_0280,45,146.53018751512263,138.44920395939107,1,0,1
PT_0281,58,113.80999359558133,128.8523148298899,0,0,0
PT_0282,34,124.1890363427808,114.07644044347947,0,0,0
PT_0283,23,101.29027258860313,121.23547695955583,0,1,0
PT_0284,48,120.26211596352165,139.54157433750285,0,0,0
PT_0285,41,104.80906644832166,114.94253295738064,0,0,0
PT_0286,44,124.77620961775006,109.410924129434,0,0,0
PT_0287,32,122.30734968026107,134.81663402462598,0,0,0
PT_0288,37,91.29122595910809,139.62587190530795,0,0,0
PT_0289,52,131.71964232350064,120.03695671847848,0,0,0
PT_0290,35,99.28073109771904,130.11463035408357,0,0,0
PT_0291,21,126.1611559656229,133.41475915530881,0,0,0
PT_0292,45,179.2775823358982,117.00190072959076,1,1,1
PT_0293,53,146.76367353590246,115.14694164632132,0,0,0
PT_0294,49,105.53068035256295,132.30874513154734,0,0,0
PT_0295,32,103.01366407763605,136.8501427870851,1,0,0
PT_0296,32,109.61160788224535,125.62880860174354,0,0,0
PT_0297,37,103.93640434331449,111.20185646497946,0,1,0
PT_0298,51,125.998838038841,139.8706111169944,0,1,0
PT_0299,51,77.67378783126824,114.69029102188036,0,0,0
PT_0300,54,88.92635161707292,116.64862218828549,0,0,0
PT_0301,58,88.64394156841614,123.42337834489622,0,0,0
PT_0302,48,129.0061518394715,135.54160420714774,0,1,0
PT_0303,48,144.2122674516385,128.53975976552223,1,0,0
PT_0304,35,107.91101562925057,124.1486550036191,0,0,0
PT_0305,51,155.92839279795277,153.76619470708727,0,1,1
PT_0306,49,111.40104326226363,120.43514668643466,1,1,0
PT_0307,44,133.2375660521638,125.58139514518507,0,0,0
PT_0308,58,91.45293731618852,94.70439922305697,1,0,0
PT_0309,39,114.7673796546957,117.03392540930201,0,0,0
PT_0310,24,129.5039525956486,122.4132193491678,1,0,0
PT_0311,20,120.0218833987969,108.48985916380494,0,0,0
PT_0312,49,113.79163233197487,123.86323317811559,0,0,0
PT_0313,38,128.88208707592744,158.8247516788669,0,0,1
PT_0314,47,166.61760464428914,143.08676319433698,1,1,1
PT_0315,49,123.55750639061816,135.73019725214857,0,0,0
PT_0316,23,96.91848633745153,115.34194430881837,0,0,0
PT_0317,37,73.38734206287086,118.49162288433304,0,0,0
PT_0318,56,120.22405199049962,119.26052434391607,0,0,0
PT_0319,44,137.47317090325916,115.48340523840378,0,0,0
PT_0320,20,107.25102970744616,121.95024984028127,0,0,0
PT_0321,34,129.05749094405877,112.4171793111241,0,0,0
PT_0322,28,142.24556515977292,108.69384665062474,0,0,0
PT_0323,34,136.29828907168095,126.22711223900268,0,1,0
PT_0324,44,171.16653825043446,151.55107827600264,1,1,1
PT_0325,23,124.84254982143784,111.95684240340007,0,0,0
PT_0326,31,111.50867277803185,128.953554307626,0,0,0
PT_0327,56,77.96068376205663,113.68422270834668,0,0,0
PT_0328,56,105.07875023740102,122.53165238037981,0,1,0
PT_0329,25,93.13506809367617,128.20344012612455,0,1,0
PT_0330,58,153.4188543499563,119.66387435296286,0,0,0
PT_0331,43,106.48228375135326,124.54740912141135,1,0,0
PT_0332,30,112.46409613568972,114.83570356112428,0,0,0
PT_0333,32,121.02970752080935,118.03533416571902,0,0,0
PT_0334,53,110.87204892744907,117.9414056911966,0,0,0
PT_0335,44,143.90102080861504,112.53421653459762,0,0,0
PT_0336,45,138.15374470654842,134.86437881257584,1,0,1
PT_0337,23,113.89214910474486,104.51381701136253,0,0,0
PT_0338,27,95.15058828603904,115.08846252857896,0,1,0
PT_0339,39,83.59954977558588,117.15124506630329,1,0,0
PT_0340,48,97.76461818189429,117.4382024750462,0,1,0
PT_0341,29,109.25926405903176,117.58502554129221,0,0,0
PT_0342,53,101.4139555096548,119.38235800139871,0,0,0
PT_0343,45,96.15158040252288,124.79441518086064,0,0,0
PT_0344,22,81.87365072656333,128.74517074132524,1,0,0
PT_0345,25,108.3378885474261,113.50234773151733,1,0,0
PT_0346,24,79.90559251937995,107.96799144610856,0,0,0
PT_0347,24,125.20111927379205,109.57955587756896,0,1,0
PT_0348,42,111.64879505869007,115.12797078805073,1,0,0
PT_0349,28,80.8489700107014,116.48078682183491,0,0,0
PT_0350,54,103.81581845900273,112.30003933802543,0,1,0
PT_0351,36,170.15982653825088,141.22691670933256,0,0,1
PT_0352,54,116.3834902083836,115.43879172525811,0,0,0
PT_0353,37,136.8090089204629,121.81426620113972,0,0,0
PT_0354,36,72.49655060708511,125.95029465835565,0,1,0
PT_0355,43,112.30052158294835,114.42576946891678,1,1,0
PT_0356,22,106.79734408866719,115.87002177856566,0,1,0
PT_0357,51,123.42680152900931,110.73301691152689,0,0,0
PT_0358,42,161.6365871709513,132.54333390165152,1,1,1
PT_0359,57,94.96061336522362,111.51571365809185,0,0,0
PT_0360,32,103.61892128666764,125.731278132412,0,0,0
PT_0361,44,94.07948286393022,102.14133508065889,0,0,0
PT_0362,28,131.52014277197196,116.40370327547538,0,0,0
PT_0363,23,110.42623297343884,123.01107339191742,0,1,0
PT_0364,55,146.63819092713902,160.7792142658438,1,1,1
PT_0365,56,108.78678372370759,146.93033663980498,0,0,0
PT_0366,39,156.50080486609184,139.24043092071472,1,0,1
PT_0367,53,144.8850968101431,148.75300309377542,0,0,1
PT_0368,22,73.9372064748811,119.04535752910927,0,1,0
PT_0369,47,78.31728113989021,102.23753666533548,0,0,0
PT_0370,48,115.34253302022967,119.1940025070324,0,0,0
PT_0371,28,120.17450046459868,111.66943942999241,1,0,0
PT_0372,22,78.37618595935733,129.15390275560162,0,0,0
PT_0373,44,127.90076628152231,114.50459725404465,0,0,0
PT_0374,53,100.3387789663312,118.83234084204753,0,1,0
PT_0375,31,112.93586023971099,113.64442158595597,0,0,0
PT_0376,42,187.80415098034626,148.45106138787102,1,0,1
PT_0377,34,127.93678631731063,116.78757233882088,0,0,0
PT_0378,42,160.20705239686762,154.98886378081693,1,1,1
PT_0379,44,92.17615549169426,128.14151762118266,0,1,0
PT_0380,24,66.9636919734139,124.82066727335386,0,0,0
PT_0381,30,95.6169336151516,123.68733147317519,0,0,0
PT_0382,53,105.7773952234461,123.93797298216252,0,0,0
PT_0383,57,156.26057394029107,128.49768650542458,0,0,1
PT_0384,34,107.3748606581539,117.21116605849244,0,0,0
PT_0385,35,170.5938550871346,156.6840475526817,0,0,1
PT_0386,27,105.50288036383843,119.51102816525895,0,0,0
PT_0387,24,96.9999483835308,105.94810153196426,0,0,0
PT_0388,45,113.37309343933455,119.4759554942253,1,0,0
PT_0389,49,120.49066867292257,155.0311248338877,0,0,1
PT_0390,57,141.2132921236249,128.62448685791028,0,0,1
PT_0391,56,138.21864759492541,119.37995990633968,1,0,0
PT_0392,32,108.02823735431477,129.51449277058086,1,1,0
PT_0393,47,110.37699245889695,116.33492979631949,0,1,0
PT_0394,24,124.16428846513114,102.96128413173281,1,0,0
PT_0395,42,184.37523703394635,143.926011222129,1,1,1
PT_0396,53,155.73114258139583,122.23189379978785,1,1,1
PT_0397,59,115.74248330403648,117.26006918170695,0,0,0
PT_0398,51,97.75125250719124,117.56616020624982,0,1,0
PT_0399,48,117.23007050412204,117.00161803725119,0,0,0
PT_0400,22,87.12547585358676,139.04136589573008,0,0,0
PT_0401,37,153.95060627023744,145.7466053077144,1,1,1
PT_0402,53,109.33540018711078,142.18780233448135,1,1,0
PT_0403,53,163.40832444750976,135.0951829078983,1,1,1
PT_0404,46,107.42924977122138,122.95624488747094,0,0,0
PT_0405,44,160.06092040306828,151.31459416584084,1,0,1
PT_0406,52,99.02550184518077,134.76934426118274,1,0,0
PT_0407,25,111.85689802282229,108.32220448732065,0,1,0
PT_0408,49,178.99108270882647,112.69985620193134,1,0,1
PT_0409,38,89.44649718148084,109.02697472367156,0,0,0
PT_0410,35,135.31415681729402,114.11133173261304,1,0,0
PT_0411,41,178.68639822478548,132.0583635393532,1,1,1
PT_0412,38,132.66242603169158,155.40218367870992,1,1,1
PT_0413,52,118.5438872374337,114.60877296851021,0,0,0
PT_0414,32,97.07545380312393,114.51731205074923,0,0,0
PT_0415,44,145.50621785219025,128.33333911780306,0,0,0
PT_0416,55,86.1272633648704,108.9513720693748,0,0,0
PT_0417,46,128.38308347220004,122.20541427013868,0,0,0
PT_0418,57,130.01164636085957,132.1795915230556,1,0,0
PT_0419,26,96.58759581846711,114.86803635486604,1,0,0
PT_0420,24,137.84930600128658,112.82081109252398,0,0,0
PT_0421,50,104.99906970802094,117.69475374819748,1,0,0
PT_0422,42,115.77387258559715,131.7972520836071,0,0,0
PT_0423,29,115.20643677542441,121.94107630953357,0,1,0
PT_0424,51,107.31382517058904,114.68785705392402,0,0,0
PT_0425,49,126.21616546319564,124.8387665118804,1,0,0
PT_0426,58,125.86977441104426,108.97707850163576,1,0,0
PT_0427,40,140.5386211823689,161.69032562484887,0,0,1
PT_0428,37,136.08680485756304,124.08607307701767,1,0,0
PT_0429,55,76.75016023928652,116.92191528861116,0,0,0
PT_0430,21,130.65092408683316,111.61414201552769,0,0,0
PT_0431,33,132.53410273655166,111.13319077716542,0,0,0
PT_0432,32,88.18067139569604,125.3481733634591,0,0,0
PT_0433,48,101.78371424090831,132.28980502489063,0,0,0
PT_0434,31,87.88590663028128,113.62692252971205,1,0,0
PT_0435,58,105.70157939422529,124.58386703551484,0,0,0
PT_0436,21,103.83931431628517,99.12972981397931,0,0,0
PT_0437,39,127.72877204246518,152.52674104251318,0,0,1
PT_0438,32,136.20617492239217,119.68941067129099,0,0,0
PT_0439,46,137.91367621579911,110.90316583018166,1,0,0
PT_0440,36,98.75663946843396,110.63493625210404,0,0,0
PT_0441,47,180.79809374792154,125.10928470876942,0,0,1
PT_0442,50,76.331236155581,122.92192728326373,1,0,0
PT_0443,53,93.88259867007622,118.12670981593625,0,1,0
PT_0444,53,173.5585174267854,130.54361610684083,1,1,1
PT_0445,38,150.24177183708593,130.64273627657437,1,0,1
PT_0446,38,203.14616426531006,150.15681822324828,1,1,1
PT_0447,38,98.15071481694211,124.57686586053552,0,0,0
PT_0448,49,109.47188486082146,92.52495157274765,0,1,0
PT_0449,26,115.60322317639213,115.00269823848369,1,0,0
PT_0450,29,93.80792960156708,114.7375214348258,1,0,0
PT_0451,51,118.48122088928179,133.88337778208447,0,0,0
PT_0452,53,100.52321305858167,116.14978188287137,0,0,0
PT_0453,40,144.93164259307633,160.52874002085628,0,0,1
PT_0454,34,120.925684960074,121.41257140087463,0,0,0
PT_0455,49,110.12844539621875,98.694335201928,0,0,0
PT_0456,56,101.27228218946863,127.68207216631737,0,1,0
PT_0457,48,107.80780392148338,122.15396505456287,1,0,0
PT_0458,41,108.2327408158933,125.0826863967459,0,0,0
PT_0459,23,102.59977940235744,159.26237706436325,0,0,0
PT_0460,39,104.82407874665795,99.15887060501412,0,1,0
PT_0461,51,141.97294341009433,137.24696649761108,1,0,0
PT_0462,55,121.21838895882478,117.12552480599645,0,0,0
PT_0463,23,104.09039363941679,122.87328904403009,1,0,0
PT_0464,59,139.06178034636122,134.1739366999412,1,1,1
PT_0465,36,103.3236102048798,115.75763666601956,0,0,0
PT_0466,31,133.46249275173284,114.30167071761241,0,0,0
PT_0467,42,174.37906621330134,140.92517334510922,1,1,1
PT_0468,36,107.85395711991542,104.8282630332832,1,1,0
PT_0469,46,144.86409822861077,165.1069157768552,1,1,1
PT_0470,20,78.58247695863001,115.83805595114745,0,0,0
PT_0471,38,190.02667303910974,157.44598626818762,1,1,1
PT_0472,45,86.12149987201889,115.49987142004187,0,0,0
PT_0473,38,154.98333967089906,127.77605066871072,1,0,1
PT_0474,33,144.65029998970184,114.64664912983777,0,0,0
PT_0475,58,171.1246001880132,168.0689787761883,1,0,1
PT_0476,31,122.76102202881515,112.69043724284526,0,0,0
PT_0477,55,120.01688949888914,127.57921849923619,0,0,0
PT_0478,44,147.12963539239715,160.26492200265253,1,1,1
PT_0479,31,99.14652400531956,138.48608833296413,0,0,0
PT_0480,26,94.24432496183522,118.24436054500785,0,0,0
PT_0481,48,97.58304803497768,126.68654804757907,1,0,0
PT_0482,30,106.63712362830421,120.98067539538944,0,0,0
PT_0483,52,100.55818844605746,132.95871781863013,0,0,0
PT_0484,25,70.41400379248424,112.81167612391269,0,1,0
PT_0485,43,181.45014674619605,162.5438498864166,1,0,1
PT_0486,51,88.54513948520386,118.05302703883318,0,0,0
PT_0487,30,114.78493728222298,119.35811822891502,0,0,0
PT_0488,57,139.10381611957934,122.03338746166418,0,1,1
PT_0489,35,120.67286821247995,152.71382134026751,1,1,1
PT_0490,53,59.39424954507341,118.83770956878041,0,1,0
PT_0491,53,104.27991556239779,122.14713183170527,0,0,0
PT_0492,48,132.01919269997143,135.78118057562185,0,1,0
PT_0493,23,149.16694908441187,129.8544968561522,0,0,0
PT_0494,36,85.40900811095166,128.69154592496898,1,0,0
PT_0495,54,119.93398446473043,115.44460473976129,0,1,0
PT_0496,32,100.69379086439893,111.10759171771676,0,0,0
PT_0497,58,107.88103291391728,129.55300558237752,0,1,0
PT_0498,35,156.65756572427176,148.37961883061413,1,0,1
PT_0499,56,165.651599009766,139.45709606749963,0,1,1
